id,title,price,promo_price,url
3083452,Средство для мытья детской посуды сосок бутылочек и игрушек Synergetic биоразлагаемый 500 мл,229,109,https://www.detmir.ru/product/index/id/3083452/
1819141,Гель для мытья Meine Liebe овощей/фруктов/посуды и игрушек 485 мл NEW,269,169,https://www.detmir.ru/product/index/id/1819141/
1774351,Таблетки для посудомоечной машины BioMio 30 шт,849,499,https://www.detmir.ru/product/index/id/1774351/
3202875,Ершик для бутылочек и сосок BabyGo 2в1 с губкой Green BD19038,189,99,https://www.detmir.ru/product/index/id/3202875/
3117730,Ершик 2в1 BabyGo для бутылочек и сосок BD-19012,139,99,https://www.detmir.ru/product/index/id/3117730/
4595070,Таблетки для посудомоечных машин Synergetic 100шт 102100,2799,,https://www.detmir.ru/product/index/id/4595070/
1765011,Бальзам для мытья детской посуды и принадлежностей Умкa 500мл 870152,139,105,https://www.detmir.ru/product/index/id/1765011/
3335845,Средство для мытья посуды BioMio 750мл,379,289,https://www.detmir.ru/product/index/id/3335845/
226575,"Средство AQA baby для мытья бутылочек, сосок и детской посуды 500 мл",235,115,https://www.detmir.ru/product/index/id/226575/
3122629,Ершик для бутылочек BabyGo BD-19051,239,179,https://www.detmir.ru/product/index/id/3122629/
326021,"Экологичное средство для мытья посуды, овощей и фруктов BioMio BIO-CARE (без запаха, с экстрактом хлопка) 450 мл",229,189,https://www.detmir.ru/product/index/id/326021/
4594631,Гель-бальзам для мытья посуды Synergetic Pure 0% 1л 103115,459,,https://www.detmir.ru/product/index/id/4594631/
1021141,Ершик для бутылок и сосок Курносики в ассортименте 19537,179,159,https://www.detmir.ru/product/index/id/1021141/
3133564,Средство для мытья детской посуды сосок и бутылок Babyline 500мл,245,,https://www.detmir.ru/product/index/id/3133564/
3877347,Таблетки для посудомоечной машины BioMio Bio-Total Эвкалипт 100шт,2435,,https://www.detmir.ru/product/index/id/3877347/
2267681,"Средство для мытья посуды Synergetic алоэ, 500мл",229,129,https://www.detmir.ru/product/index/id/2267681/
2267691,"Средство для мытья посуды Synergetic яблоко, 500мл",229,129,https://www.detmir.ru/product/index/id/2267691/
3195580,Ершик для бутылочек Lubby мягкий 16894,245,169,https://www.detmir.ru/product/index/id/3195580/
3160943,Гель Fairy для мытья детской посуды 450 мл,219,175,https://www.detmir.ru/product/index/id/3160943/
326031,"Экологичное средство для мытья посуды, овощей и фруктов BioMio BIO-CARE (с эфирным маслом мандарина и экстрактом хлопка) 450 мл",249,169,https://www.detmir.ru/product/index/id/326031/
3310427,Средство для мытья посуды Fairy 650мл,299,269,https://www.detmir.ru/product/index/id/3310427/
217532,Щетка с губкой Pigeon для мытья детских бутылочек,905,649,https://www.detmir.ru/product/index/id/217532/
2867801,Таблетки для посудомоечных машин Babyline для всей семьи 50 шт.,705,,https://www.detmir.ru/product/index/id/2867801/
4094111,Гель для мытья детской посуды игрушек WONDER Lab нейтральный 550мл,275,205,https://www.detmir.ru/product/index/id/4094111/
22171,Щетка для бутылочек и сосок Philips Avent SCF145/06,709,495,https://www.detmir.ru/product/index/id/22171/
3810329,Средство для мытья посуды Pigeon Baby сменный блок 450мл,579,429,https://www.detmir.ru/product/index/id/3810329/
4675673,Набор ROXY-KIDS щеток и ершиков для мытья бутылочек и сосок,369,,https://www.detmir.ru/product/index/id/4675673/
3335843,Соль для посудомоечной машины BioMio 1000г,269,215,https://www.detmir.ru/product/index/id/3335843/
3810328,Средство для мытья посуды Pigeon Baby 500мл,739,549,https://www.detmir.ru/product/index/id/3810328/
3877349,Ополаскиватель для посудомоечной машины BioMio Bio-Rinse 750мл,369,345,https://www.detmir.ru/product/index/id/3877349/
3125018,Средство ля мытья детской посуды и принадлежностей Умкa 1л 870575,209,,https://www.detmir.ru/product/index/id/3125018/
3253399,Бальзам для мытья посуды BioMio Ромашка и Иланг-иланг 450мл,255,199,https://www.detmir.ru/product/index/id/3253399/
3237171,Губка для мытья посуды Умкa 2шт 870706,99,,https://www.detmir.ru/product/index/id/3237171/
217512,Щетка Pigeon для мытья силиконовых сосок,555,385,https://www.detmir.ru/product/index/id/217512/
4594629,Средство для мытья детской посуды сосок Synergetic 3.5л 103350,1099,,https://www.detmir.ru/product/index/id/4594629/
3533418,Средство для мытья посуды Helan органическое Bollicine детский 400 мл,950,902,https://www.detmir.ru/product/index/id/3533418/
3231623,Набор ершиков TUBIK 2шт 13957,255,209,https://www.detmir.ru/product/index/id/3231623/
3195542,Ершик для бутылочек Lubby с губкой 4543,219,139,https://www.detmir.ru/product/index/id/3195542/
4108123,Пена для мытья посуды BioMio Bio-Foam без запаха 350мл,349,259,https://www.detmir.ru/product/index/id/4108123/
3292739,Гель для мытья посуды Meine Liebe Сочный апельсин 500мл,189,165,https://www.detmir.ru/product/index/id/3292739/
4576151,Средство для мытья стекол зеркал и фарфора Meine Liebe с нашатырным спиртом и ароматом мяты 500мл,309,,https://www.detmir.ru/product/index/id/4576151/
3217542,Ершик для бутылочки Dr Brown's 2шт Розовый AC182,1109,885,https://www.detmir.ru/product/index/id/3217542/
4717069,Ершик силиконовый Floopsi для бутылочек и сосок 3шт.,899,434,https://www.detmir.ru/product/index/id/4717069/
2259881,Ершик Canpol Babies для бутылочек с губкой в ассортименте,359,225,https://www.detmir.ru/product/index/id/2259881/
2829261,Таблетки для посудомоечной машины Meine Liebe 21шт ML32224,569,409,https://www.detmir.ru/product/index/id/2829261/
4750315,Ершики Uviton для мытья трубочек Набо 3 штуки Арт.0297,206,,https://www.detmir.ru/product/index/id/4750315/
3668106,Гель для мытья посуды Neutrale гипоаллергенный без запаха и фосфатов Эко 400мл,399,220,https://www.detmir.ru/product/index/id/3668106/
4595054,Гель-бальзам для мытья посуды Synergetic Pure 0% 3.5л 103356,1299,,https://www.detmir.ru/product/index/id/4595054/
3877348,Таблетки для посудомоечной машины BioMio Bio-Total Эвкалипт 60шт,1789,,https://www.detmir.ru/product/index/id/3877348/
4675372,Гель для мытья овощей и фруктов AQA baby 500мл с 0месяцев,239,,https://www.detmir.ru/product/index/id/4675372/
3869087,Ершик для сосок Lubby 16895,125,,https://www.detmir.ru/product/index/id/3869087/
3798533,Гель для мытья посуды WONDER Lab Сливочные фрукты 3.78л,995,745,https://www.detmir.ru/product/index/id/3798533/
3112456,Ершик для бутылочки Dr Brown's Soft Touch AC055,665,,https://www.detmir.ru/product/index/id/3112456/
6801,Ершик для чистки вентиляционной системы Dr Brown's 4шт 620,429,,https://www.detmir.ru/product/index/id/6801/
3275531,Ершик для бутылочек Chicco 340728264,939,,https://www.detmir.ru/product/index/id/3275531/
3284549,Гель для мытья посуды Fairy 900мл 81714036,349,289,https://www.detmir.ru/product/index/id/3284549/
3112457,Ершик для бутылочки Dr Brown's Делюкс AC110,675,539,https://www.detmir.ru/product/index/id/3112457/
4880908,Таблетки для посудомоечной машины 30шт YokoSun 4602009765018,759,395,https://www.detmir.ru/product/index/id/4880908/
3292737,Гель для посуды Meine Liebe клюква и брусника 500мл,189,159,https://www.detmir.ru/product/index/id/3292737/
3335846,Средство для мытья посуды BioMio мандарин 750мл,415,329,https://www.detmir.ru/product/index/id/3335846/
4880903,Гель для мытья посуды YokoSun Алоэ вера 1л,469,329,https://www.detmir.ru/product/index/id/4880903/
3627031,Гель для мытья посуды фруктов овощей и игрушек Mepsi 550мл 0155,225,,https://www.detmir.ru/product/index/id/3627031/
3195555,Набор ершиков Lubby с присоской 2шт 13948,325,239,https://www.detmir.ru/product/index/id/3195555/
3413266,Ершик для бутылочек с губкой Babyono Голубой 720,306,254,https://www.detmir.ru/product/index/id/3413266/
4880909,Таблетки для посудомоечной машины YokoSun 100шт 4602009765032,2319,1089,https://www.detmir.ru/product/index/id/4880909/
3174037,Таблетки для посудомоечных машин Умкa бесфосфатные 28шт,659,,https://www.detmir.ru/product/index/id/3174037/
4233849,Средство для мытья посуды LION Chamgreen с содой и лимонной кислотой 965 мл,881,352,https://www.detmir.ru/product/index/id/4233849/
3163928,Щётка для мытья бутылочек и сосок BABOO 3в1 4-302,285,,https://www.detmir.ru/product/index/id/3163928/
4484880,Гель для посуды Zelenka с экстрактом яблока 0.5л,179,,https://www.detmir.ru/product/index/id/4484880/
246231,Ершик Canpol Babies Розовый 56/122,765,305,https://www.detmir.ru/product/index/id/246231/
3252846,Щётка для мытья бутылочек Medela 101037160,489,429,https://www.detmir.ru/product/index/id/3252846/
3470062,Пена для мытья посуды и игрушек WONDER Lab с 0месяцев 240мл,255,149,https://www.detmir.ru/product/index/id/3470062/
4003323,Средство для мытья посуды Лайма 5л концентрат Яблоко,886,505,https://www.detmir.ru/product/index/id/4003323/
3533416,Щётка для бутылочек Everyday baby черничный,1290,610,https://www.detmir.ru/product/index/id/3533416/
246211,Ершик Canpol Babies Зеленый 56/122,765,305,https://www.detmir.ru/product/index/id/246211/
3856237,Ершик ПОМА синий Пома,328,295,https://www.detmir.ru/product/index/id/3856237/
3599747,Средство ATTITUDE для овощей и фруктов Жидкость 800 мл,964,,https://www.detmir.ru/product/index/id/3599747/
3969407,Таблетки ATTITUDE Для посудомоечных машин 26 шт,1592,,https://www.detmir.ru/product/index/id/3969407/
4424704,Гель для мытья посуды WONDER Lab нейтральный 550мл,275,205,https://www.detmir.ru/product/index/id/4424704/
3810588,Средство для мытья посуды Солнце и луна Eco без запаха 0.5л,169,,https://www.detmir.ru/product/index/id/3810588/
3856212,Ершик ПОМА зеленый Пома,391,351,https://www.detmir.ru/product/index/id/3856212/
3292736,Гель для посуды Meine Liebe манго и лайм 500мл,189,,https://www.detmir.ru/product/index/id/3292736/
4108124,Пена для мытья посуды BioMio Bio-Foam Лемонграсс 350мл,409,,https://www.detmir.ru/product/index/id/4108124/
3275799,Средство для мытья посуды Наша Мама с ромашкой и алоэ вера гипоаллергенный 500мл,339,299,https://www.detmir.ru/product/index/id/3275799/
4472089,Набор ёршиков для бутылочек Happy Baby 2шт Olive 11001,329,,https://www.detmir.ru/product/index/id/4472089/
4424690,Пена для мытья овощей и фруктов WONDER Lab нейтральная 450мл,485,435,https://www.detmir.ru/product/index/id/4424690/
4424700,Гель для мытья посуды WONDER Lab яблочный цвет 1л,395,295,https://www.detmir.ru/product/index/id/4424700/
3731344,Таблетки для мытья посуды Jundo Active Oxygen в посудомоечных машинах с активным кислородом 30 шт,774,356,https://www.detmir.ru/product/index/id/3731344/
3413264,Набор ершиков Babyono 5штук Серый 735/03,642,,https://www.detmir.ru/product/index/id/3413264/
3292738,Гель для посуды Meine Liebe мелисса и лемонграсс 500мл,189,,https://www.detmir.ru/product/index/id/3292738/
3596992,Ершик Munchkin для бутылочек и сосок серый Munchkin,1120,560,https://www.detmir.ru/product/index/id/3596992/
3413265,Ершик для бутылочек Babyono с губкой 720 Серый,306,236,https://www.detmir.ru/product/index/id/3413265/
3413259,Набор ершиков Babyono для бутылочек и сосок Зеленый 728/02,490,408,https://www.detmir.ru/product/index/id/3413259/
4880902,Гель для мытья посуды YokoSun Лимон 1л,469,329,https://www.detmir.ru/product/index/id/4880902/
4424703,Гель для мытья посуды WONDER Lab сливочные фрукты 550мл,275,245,https://www.detmir.ru/product/index/id/4424703/
3257803,Ёршик Lubby круглый 21053,235,,https://www.detmir.ru/product/index/id/3257803/
3473556,Гель Top House для посудомоечных машин 720 мл,1019,703,https://www.detmir.ru/product/index/id/3473556/
3798532,Гель для мытья посуды WONDER Lab Нейтральный 3.78л,995,895,https://www.detmir.ru/product/index/id/3798532/
3473558,Порошок Top House для посудомоечных машин с активным кислородом 1 кг,920,598,https://www.detmir.ru/product/index/id/3473558/
4299669,Ершик Uviton для мытья бутылочек Lux 0145 мятный,258,229,https://www.detmir.ru/product/index/id/4299669/
4692761,Средство для мытья посуды CJ LION Charmgreen для овощей и фруктов Японский абрикос 1 кг,713,427,https://www.detmir.ru/product/index/id/4692761/
4692758,Средство для мытья посуды CJ LION Charmgreen bottle овощей и фруктов зеленый чай 3.1 кг,1999,1192,https://www.detmir.ru/product/index/id/4692758/
3117733,Ершик для бутылочек и сосок BabyGo BD-19097,179,129,https://www.detmir.ru/product/index/id/3117733/
3413260,Набор ершиков Babyono для бутылочек и сосок Розовый 728/03,490,408,https://www.detmir.ru/product/index/id/3413260/
3413263,Набор ершиков Babyono 5штук Зеленый 735/02,642,,https://www.detmir.ru/product/index/id/3413263/
3489835,Жидкость для мытья посуды ARAU 400мл 32065,609,439,https://www.detmir.ru/product/index/id/3489835/
3413262,Набор ершиков Babyono 5штук Голубой 735/01,642,,https://www.detmir.ru/product/index/id/3413262/
4424705,Гель для мытья рук и умывания WONDER Lab розовые персики 540мл,285,209,https://www.detmir.ru/product/index/id/4424705/
4546074,Набор ёршиков Baby Planet 8408,395,280,https://www.detmir.ru/product/index/id/4546074/
3413269,Ершик для бутылочек Babyono Голубой 721,240,,https://www.detmir.ru/product/index/id/3413269/
4424699,Гель для мытья посуды WONDER Lab жасмин и морская соль 1л,395,355,https://www.detmir.ru/product/index/id/4424699/
4595066,Гель-бальзам для мытья посуды Synergetic Сочный гранат-Абрикос 3.5л,1299,,https://www.detmir.ru/product/index/id/4595066/
4595055,Гель-бальзам для мытья посуды Synergetic Базилик-Cвежая мята 0.5л,269,,https://www.detmir.ru/product/index/id/4595055/
3473554,Экспресс-очиститель Top House для посудомоечных машин 250 мл,450,279,https://www.detmir.ru/product/index/id/3473554/
3885625,Ополаскиватель для всех видов посудомоечных машин Rossinka 500мл,189,,https://www.detmir.ru/product/index/id/3885625/
3374168,Ершик для бутылочек Nuk 2в1 с губкой Голубой 10720279,775,,https://www.detmir.ru/product/index/id/3374168/
3413268,Ершик для бутылочек Babyono Зеленый 721,240,,https://www.detmir.ru/product/index/id/3413268/
3413261,Набор ершиков Babyono для бутылочек и сосок Серый 728/04,519,,https://www.detmir.ru/product/index/id/3413261/
3858070,Соль для посудомоечных машин Jundo ионизированная серебром 3 кг,790,363,https://www.detmir.ru/product/index/id/3858070/
3664420,Гель для мытья посуды Neutrale гипоаллергенный без запаха и фосфатов для чувствительной кожи ЭКО 400мл,309,247,https://www.detmir.ru/product/index/id/3664420/
4695749,Бальзам для мытья посуды Nativica Защита кожи мицеллярный 400мл,209,,https://www.detmir.ru/product/index/id/4695749/
4424702,Гель для мытья посуды WONDER Lab жасмин и морская соль 550мл,275,205,https://www.detmir.ru/product/index/id/4424702/
3202957,Средство для мытья посуды LION Chamgreen концентрированное Розмарин запасной блок 860мл,529,339,https://www.detmir.ru/product/index/id/3202957/
4595061,Гель-бальзам для мытья посуды Synergetic Розовый грейпфрут-Специи 0.5л,269,,https://www.detmir.ru/product/index/id/4595061/
3473494,Таблетки Nordland для посудомоечных машин 32 шт,799,535,https://www.detmir.ru/product/index/id/3473494/
3665716,Средство Molecola для мытья фруктов и овощей 550 мл,411,250,https://www.detmir.ru/product/index/id/3665716/
4695748,Бальзам для мытья посуды Nativica мицеллярный 400мл,209,,https://www.detmir.ru/product/index/id/4695748/
4595064,Гель-бальзам для мытья посуды Synergetic Сочный гранат-Абрикос 0.5л,269,,https://www.detmir.ru/product/index/id/4595064/
3665685,Гель для мытья посуды Palmia Caramel с ароматом карамели 5 л,1613,951,https://www.detmir.ru/product/index/id/3665685/
4692754,Средство для мытья посуды CJ LION Charmgreen овощей и фруктов гранат 470 г,713,442,https://www.detmir.ru/product/index/id/4692754/
3619453,Ершики Мультидом для посуды 4шт,304,,https://www.detmir.ru/product/index/id/3619453/
3473560,Ополаскиватель Top House для посудомоечных машин 500 мл,410,258,https://www.detmir.ru/product/index/id/3473560/
3640011,Гель для мытья посуды INSEENSE 500мл,350,227,https://www.detmir.ru/product/index/id/3640011/
4484879,Гель для посуды Zelenka с экстрактом алоэ 5л,955,,https://www.detmir.ru/product/index/id/4484879/
3495915,Гель Кря-Кря для мытья посуды и игрушек 500 мл,312,292,https://www.detmir.ru/product/index/id/3495915/
4595056,Гель-бальзам для мытья посуды Synergetic Базилик-Свежая мята 1л,459,,https://www.detmir.ru/product/index/id/4595056/
3665683,Cредство для мытья посуды Palmia Cappuccino с ароматом капучино 5 л,1613,983,https://www.detmir.ru/product/index/id/3665683/
3413267,Ершик для бутылочек Babyono с губкой 720 Розовый,306,236,https://www.detmir.ru/product/index/id/3413267/
4595057,Гель-бальзам для мытья посуды Synergetic Базилик-Свежая мята 3.5л,1299,,https://www.detmir.ru/product/index/id/4595057/
3856211,Ершики ПОМА бирюзовый Пома,294,264,https://www.detmir.ru/product/index/id/3856211/
4875264,Гель для мытья посуды овощей и фруктов Meine Liebe 485мл,269,219,https://www.detmir.ru/product/index/id/4875264/
3413257,Набор ершиков Babyono NATURAL NURSING 736,1054,790,https://www.detmir.ru/product/index/id/3413257/
4053043,Гель для детской посуды Planeta Organica Organic People гипоалергенный 500мл,259,,https://www.detmir.ru/product/index/id/4053043/
3604481,Средство для посуды ATTITUDE Яблоко/Базилик Гель,815,,https://www.detmir.ru/product/index/id/3604481/
4595069,Гель-бальзам для мытья посуды Synergetic Эвкалипт-Горный чабрец 3.5л,1299,,https://www.detmir.ru/product/index/id/4595069/
4595063,Гель-бальзам для мытья посуды Synergetic Розовый грейпфрут-Специи 3.5л,1299,,https://www.detmir.ru/product/index/id/4595063/
3202951,Средство для мытья посуды овощей и фруктов LION Chamgreen Японский абрикос 960мл,499,315,https://www.detmir.ru/product/index/id/3202951/
3894706,Моющее средство BioBac против грибка и плесени с ионами серебра 750 мл,877,359,https://www.detmir.ru/product/index/id/3894706/
1180381,Ершик для бутылочек и сосок Мир Детства в ассортименте 19517,355,305,https://www.detmir.ru/product/index/id/1180381/
3604765,Ершик Munchkin для мытья поильников и бутылочек 4 шт Munchkin,1100,660,https://www.detmir.ru/product/index/id/3604765/
4784038,Ерш для мытья посуды Доляна с деревянной ручкой,489,220,https://www.detmir.ru/product/index/id/4784038/
4424707,Гель для посуды WONDER Lab антибактериальным комплексом апельсин и лаванда 550мл,275,,https://www.detmir.ru/product/index/id/4424707/
3470061,Гель для мытья посуды и игрушек WONDER Lab с 0месяцев 480мл,195,135,https://www.detmir.ru/product/index/id/3470061/
3251305,Средство для мытья посуды Мир Детства Гипоаллергенное 500мл,309,,https://www.detmir.ru/product/index/id/3251305/
2267701,Средство для мытья посуды Synergetic 500мл,229,129,https://www.detmir.ru/product/index/id/2267701/
3885600,Гель для посуды сосок бутылочек Rossinka baby 500мл,209,,https://www.detmir.ru/product/index/id/3885600/
3202958,Средство для мытья посуды LION Chamgreen концентрированное Розмарин 450мл,479,295,https://www.detmir.ru/product/index/id/3202958/
4692772,Средство для мытья посуды CJ LION Charmgreen pump овощей и фруктов зеленый чай 1 кг,927,558,https://www.detmir.ru/product/index/id/4692772/
3885602,Гель для всех видов посудомоечных машин Rossinka 1000мл,669,,https://www.detmir.ru/product/index/id/3885602/
4595058,Гель-бальзам для мытья посуды Synergetic Розмарин-Листья смородины 0.5л,269,,https://www.detmir.ru/product/index/id/4595058/
3682359,Набор ершиков Солнце и луна 2шт 7471,205,,https://www.detmir.ru/product/index/id/3682359/
3827592,Набор от накипи Anti bọt в бытовых приборах 50 г и 35 таблеток для стиральных машин,429,218,https://www.detmir.ru/product/index/id/3827592/
3543315,Таблетки TOPPERR в водорастворимой оболочке для посудомоечных машин 24шт 3320,709,567,https://www.detmir.ru/product/index/id/3543315/
4595065,Гель-бальзам для мытья посуды Synergetic Сочный гранат-Абрикос 1л,459,,https://www.detmir.ru/product/index/id/4595065/
4692432,Таблетки FeedBack для посудомоечных машин ALL in 1 30 шт.,672,,https://www.detmir.ru/product/index/id/4692432/
4595062,Гель-бальзам для мытья посуды Synergetic Розовый грейпфрут-Специи 1л,459,,https://www.detmir.ru/product/index/id/4595062/
4692755,Средство для мытья посуды CJ LION Charmgreen овощей и фруктов гранат 900 г,856,513,https://www.detmir.ru/product/index/id/4692755/
3118608,Средство Babyline для мытья детской посуды 250мл DB044/N,129,,https://www.detmir.ru/product/index/id/3118608/
3856235,Ёршики ПОМА желтый Пома,277,249,https://www.detmir.ru/product/index/id/3856235/
3374170,Ершик для бутылочек Nuk 2в1 Голубой 10750747,729,,https://www.detmir.ru/product/index/id/3374170/
4594630,Гель-бальзам для мытья посуды Synergetic Synergetic Pure 0% 0.5л 103064,269,,https://www.detmir.ru/product/index/id/4594630/
3413270,Ершик для бутылочек Babyono Серый 721,235,,https://www.detmir.ru/product/index/id/3413270/
3473567,Таблетки Top House для посудомоечных машин в водорастворимой плёнке 24 шт,680,496,https://www.detmir.ru/product/index/id/3473567/
3668107,Гель для мытья посуды Neutrale гипоаллергенный без запаха и фосфатов Эко 400мл,329,263,https://www.detmir.ru/product/index/id/3668107/
3413258,Набор ершиков Babyono для бутылочек и сосок Голубой 728/01,490,,https://www.detmir.ru/product/index/id/3413258/
4693033,Средство для мытья посуды CJ LION Charmgreen овощей и фруктов зеленый чай 310 мл,311,217,https://www.detmir.ru/product/index/id/4693033/
4681986,Средство для мытья посуды CJ LION Charmgreen овощей и фруктов древесный уголь 1.2 кг,782,547,https://www.detmir.ru/product/index/id/4681986/
3496830,Спрей для мытья посуды Химола Фермент-15 активная пена,199,,https://www.detmir.ru/product/index/id/3496830/
4682099,Средство для мытья посуды CJ LION Charmgreen овощей и фруктов зеленый чай 500 г,566,345,https://www.detmir.ru/product/index/id/4682099/
4692760,Средство для мытья посуды CJ LION Chamgreen bottle овощей и фруктов Японский абрикос 500г,527,335,https://www.detmir.ru/product/index/id/4692760/
3654752,Ершик Bebe Confort для мытья бутылочек со спонжем 3102206700 Bebe Confort,485,339,https://www.detmir.ru/product/index/id/3654752/
3810589,Средство для мытья посуды Солнце и луна Eco эфирное масло грейпфрута 0.5л,169,,https://www.detmir.ru/product/index/id/3810589/
4595067,Гель-бальзам для мытья посуды Synergetic Эвкалипт-Горный чабрец 0.5л,269,,https://www.detmir.ru/product/index/id/4595067/
3143782,Мыло для кухни посуды и рук Hanbok жидкое Белый лотос 500мл,159,,https://www.detmir.ru/product/index/id/3143782/
3543318,Очиститель TOPPERR посудомоечных машин 3308,409,327,https://www.detmir.ru/product/index/id/3543318/
4595068,Гель-бальзам для мытья посуды Synergetic Эвкалипт-Горный чабрец 1л,459,,https://www.detmir.ru/product/index/id/4595068/
4595059,Гель-бальзам для мытья посуды Synergetic Розмарин-Листья смородины 1л,459,,https://www.detmir.ru/product/index/id/4595059/
4455728,Средство для мытья посуды Sanita Clear 510 г,249,148,https://www.detmir.ru/product/index/id/4455728/
4784035,Ерш для мытья посуды Доляна с микрофиброй натуральная щетина,449,139,https://www.detmir.ru/product/index/id/4784035/
4568912,Набор ёршиков Пома для мытья клапанов и трубочек,256,230,https://www.detmir.ru/product/index/id/4568912/
3885630,Гель для посуды Rossinka малина-мята 500мл,199,,https://www.detmir.ru/product/index/id/3885630/
3413256,Ершик для соломинок и трубочек Babyono 733,306,,https://www.detmir.ru/product/index/id/3413256/
4784032,Ерш для мытья посуды Доляна с деревянной ручкой,213,66,https://www.detmir.ru/product/index/id/4784032/
3143781,Средство для мытья посуды и рук Hanbok 2в1 Ягоды Годжи и красный женьшень 500мл,219,,https://www.detmir.ru/product/index/id/3143781/
3175533,Спрей для мытья фруктов и овощей DR.TUTTELLE с экстрактом мыльнянки 250мл,339,255,https://www.detmir.ru/product/index/id/3175533/
3374169,Ершик для бутылочек Nuk 2в1 Желтый 10750643,645,399,https://www.detmir.ru/product/index/id/3374169/
3483522,Средство для мытья посуды Fairy Foam активная пена 350мл,599,,https://www.detmir.ru/product/index/id/3483522/
3483523,Средство для мытья посуды Fairy Foam активная пена 375мл,549,,https://www.detmir.ru/product/index/id/3483523/
3487571,Соль Postiron для посудомоечных машин,349,,https://www.detmir.ru/product/index/id/3487571/
3487585,Средство для мытья посуды Postiron 0.65л,279,,https://www.detmir.ru/product/index/id/3487585/
3487586,Средство для мытья посуды Postiron 2л,545,517,https://www.detmir.ru/product/index/id/3487586/
3487587,Средство для мытья посуды Postiron 0.65л,279,,https://www.detmir.ru/product/index/id/3487587/
3487590,Средство для мытья посуды Postiron 0.65л,279,,https://www.detmir.ru/product/index/id/3487590/
3543245,Таблетки TOPPERR для посудомоечных машин 10в1 20шт 3303,1009,807,https://www.detmir.ru/product/index/id/3543245/
3555372,Гель для мытья посуды Bonny детской с экстрактом алоэ,229,,https://www.detmir.ru/product/index/id/3555372/
3559286,Гель для мытья посуды Papa Care Premium,419,,https://www.detmir.ru/product/index/id/3559286/
3654753,Набор ершиков Bebe Confort 2 в 1 для мытья сосок и бутылочек 3102207100 Bebe Confort,535,,https://www.detmir.ru/product/index/id/3654753/
3665682,Гель для мытья посуды Palmia Automatica Proff для посудомоечных машин 10 л,3793,2237,https://www.detmir.ru/product/index/id/3665682/
3665686,Cредство для мытья посуды Palmia Mojito с ароматом мохито 5 л,1613,983,https://www.detmir.ru/product/index/id/3665686/
3665689,Гель для мытья посуды Palmia Vanilla Ice-Cream с ароматом ванильного мороженого 5 л,1613,983,https://www.detmir.ru/product/index/id/3665689/
3763279,Коврик для сушки посуды Brabantia Sink Side силиконовый,6879,6191,https://www.detmir.ru/product/index/id/3763279/
3763285,Щетка для мытья посуды Brabantia Sink Side с держателем на присоске Brabantia,2919,,https://www.detmir.ru/product/index/id/3763285/
3763287,Щетка для мытья посуды Brabantia Sink Side с держателем на присоске Brabantia,2919,,https://www.detmir.ru/product/index/id/3763287/
3766239,Гель для мытья посуды Jundo Juicy Lemon и детских принадлежностей 800мл,400,283,https://www.detmir.ru/product/index/id/3766239/
3792984,Губка Paul Masquin с абразивным слоем 2шт Paul Masquin,259,,https://www.detmir.ru/product/index/id/3792984/
3793549,Ершик Paul Masquin для бутылок Paul Masquin,459,,https://www.detmir.ru/product/index/id/3793549/
3793555,Щетка Paul Masquin для посуды,336,,https://www.detmir.ru/product/index/id/3793555/
3885599,Соль для всех видов посудомоечных машин Rossinka специальная 1000г,139,,https://www.detmir.ru/product/index/id/3885599/
3885601,Гель для всех видов посудомоечных машин Rossinka lemon 1000мл,649,,https://www.detmir.ru/product/index/id/3885601/
3885628,Гель для посуды Rossinka лимон с колпачком push-pull 500мл,199,,https://www.detmir.ru/product/index/id/3885628/
3885629,Гель для посуды Rossinka алоэ-чайное дерево 500мл,199,,https://www.detmir.ru/product/index/id/3885629/
3885631,Гель для посуды Rossinka грейпфрут-цветы апельсина 500мл,199,,https://www.detmir.ru/product/index/id/3885631/
3885632,Гель для посуды Rossinka ромашка 500мл,199,,https://www.detmir.ru/product/index/id/3885632/
391011,"Экологичное средство для мытья посуды, овощей и фруктов BioMio (с эфирным маслом вербены и экстрактом хлопка) 450 мл",219,149,https://www.detmir.ru/product/index/id/391011/
4056058,Средство для мытья посуды Солнце и луна ECO без запаха 0+ флакон/флиптоп 500мл,302,259,https://www.detmir.ru/product/index/id/4056058/
4289700,Гель для мытья посуды ECOZAVR фруктов и овощей с антибактериальным эффектом Зеленое яблоко 500мл,220,187,https://www.detmir.ru/product/index/id/4289700/
4333850,Гель для мытья посуды MeloMama биоразлагаемый Луговой романс 500мл,320,235,https://www.detmir.ru/product/index/id/4333850/
4389756,Средство для мытья посуды LV Dishwashing liquid 500 мл,484,,https://www.detmir.ru/product/index/id/4389756/
4455718,Ополаскиватель Effect Вита 204 для посудомоечных машинах для жесткой воды 5л,2819,,https://www.detmir.ru/product/index/id/4455718/
4484878,Гель для посуды Zelenka с экстрактом алоэ 0.5л,195,,https://www.detmir.ru/product/index/id/4484878/
4577310,Средство для мытья фруктов Garden Eco 500мл 46 50056 49243 2,229,,https://www.detmir.ru/product/index/id/4577310/
4595060,Гель-бальзам для мытья посуды Synergetic Розмарин-Листья смородины 3.5л,1299,,https://www.detmir.ru/product/index/id/4595060/
4674590,Средство для мытья посуды Flexfresh фруктов игрушек гель антибактериальный с ароматом белого чая 3л,595,,https://www.detmir.ru/product/index/id/4674590/
4674591,Средство для мытья посуды Flexfresh фруктов и игрушек гель антибактериальный с ароматом белого чая с дозатором 3л,650,599,https://www.detmir.ru/product/index/id/4674591/
4681987,Средство для мытья посуды CJ LION Charmgreen овощей и фруктов зеленый чай 800 г,629,352,https://www.detmir.ru/product/index/id/4681987/
4681988,Средство для мытья посуды CJ LION Charmgreen pump овощей и фруктов древесный уголь 1 кг,786,503,https://www.detmir.ru/product/index/id/4681988/
4692756,Средство для мытья посуды CJ LION Charmgreen овощей и фруктов Японский абрикос 300 г,396,277,https://www.detmir.ru/product/index/id/4692756/
4692757,Средство для мытья посуды CJ LION Charmgreen овощей и фруктов зеленый чай 300 мл,427,298,https://www.detmir.ru/product/index/id/4692757/
4784033,Ерш для мытья посуды Sima-Land универсальный 33 см,421,189,https://www.detmir.ru/product/index/id/4784033/
4784036,Ерш для мытья посуды Доляна с микрофиброй искуственная щетина,285,85,https://www.detmir.ru/product/index/id/4784036/
4784037,Ерш абразивный Доляна для посуды Радуга,449,179,https://www.detmir.ru/product/index/id/4784037/
6791,Ершик Dr Brown's для чистки бутылочки,605,,https://www.detmir.ru/product/index/id/6791/
2245431,Ёрш для мытья посуды Lubby с губкой в ассортименте,105,49,https://www.detmir.ru/product/index/id/2245431/
3280405,Набор ершиков для бутылочек и сосок Lubby 2шт 4541,225,,https://www.detmir.ru/product/index/id/3280405/
4148621,Средство моющее Synergetic Optima универсальное 5 л,249,,https://www.detmir.ru/product/index/id/4148621/
4003322,Средство для мытья посуды Лайма 5л концентрат Антибактериальное,813,455,https://www.detmir.ru/product/index/id/4003322/
3839429,Ершик ПОМА зеленый Пома,363,326,https://www.detmir.ru/product/index/id/3839429/
3856006,Таблетки для мытья посуды Jundo Active Oxygen 3в1 200 шт,4530,2083,https://www.detmir.ru/product/index/id/3856006/
3483524,Средство для мытья посуды Fairy PureClean 450мл,199,175,https://www.detmir.ru/product/index/id/3483524/
3546261,Ершик для бутылочек KUNDER силиконовый,418,342,https://www.detmir.ru/product/index/id/3546261/
3112455,Щетка для бутылочки Dr Brown's Easy-Clean AC040,529,,https://www.detmir.ru/product/index/id/3112455/
3596868,Средство для мытья посуды Garden Eco цитрус эко-гель концентрат 2шт по 500 мл,219,175,https://www.detmir.ru/product/index/id/3596868/
4880901,Гель для мытья посуды YokoSun Яблоко 1л,469,329,https://www.detmir.ru/product/index/id/4880901/
3583995,Жидкость для мытья посуды Garden Eco алое вера эко-гель концентрат 2шт по 500 мл,219,175,https://www.detmir.ru/product/index/id/3583995/
3597118,Набор ершиков Мультидом для мытья детских бутылочек 2 в 1 с губкой 2шт Мультидом,248,,https://www.detmir.ru/product/index/id/3597118/
3639237,Таблетки Frau Schmidt для посудомоечной машины 100 шт,1490,894,https://www.detmir.ru/product/index/id/3639237/
3583707,Таблетки Kiilto для посудомоечной машины All in 1- 12 шт,395,280,https://www.detmir.ru/product/index/id/3583707/
3112458,Ершик для бутылочки Dr Brown's Делюкс 702,879,,https://www.detmir.ru/product/index/id/3112458/
4424701,Гель для мытья посуды WONDER Lab нейтральный 1л,395,355,https://www.detmir.ru/product/index/id/4424701/
3217543,Ершик для бутылочки Dr Brown's 2шт Синий AC183,1109,885,https://www.detmir.ru/product/index/id/3217543/
3470058,Гель для мытья посуды овощей и фруктов WONDER Lab Яблочный цвет 1л,255,99,https://www.detmir.ru/product/index/id/3470058/
228431,Моющее средство Babyline Натуральное детское для посуды овощей и фруктов с дозатором 600 мл.,359,,https://www.detmir.ru/product/index/id/228431/
3091891,Средство для мытья бутылочек игрушек посуды Bebble 500мл 303140,259,,https://www.detmir.ru/product/index/id/3091891/
1957191,Ершик для бутылочки Dr Brown's Розовый AC026,605,,https://www.detmir.ru/product/index/id/1957191/
3176142,Жидкость для мытья посуды Arau baby 500мл 25819,799,559,https://www.detmir.ru/product/index/id/3176142/
4568911,Ершик для сосок Пома синий,208,187,https://www.detmir.ru/product/index/id/4568911/
3672436,Cредство для мытья посуды Palmia Espressiva с ароматом красных маков и граната 5 л,1385,817,https://www.detmir.ru/product/index/id/3672436/
3776002,Таблетки GraSS Colorit 5в1 для посудомоечной машины 16 шт,652,430,https://www.detmir.ru/product/index/id/3776002/
3665405,Средство для мытья детской посуды Molecola экологичное 0.5л,159,,https://www.detmir.ru/product/index/id/3665405/
3604483,Средство для посуды ATTITUDE Citrus Гель,815,,https://www.detmir.ru/product/index/id/3604483/
3950436,Набор ершиков KUNDER для мытья бутылочек силиконовые бирюзовые,699,594,https://www.detmir.ru/product/index/id/3950436/
3597115,Набор губок-ершиков Мультидом для мытья бутылочек и соски 2 шт,318,,https://www.detmir.ru/product/index/id/3597115/
3473563,Ополаскиватель Top House для посудомоечных машин 1 л,590,401,https://www.detmir.ru/product/index/id/3473563/
3901659,Средство моющее SYNERGETIC универсальное Optima 5 л Synergetic,249,,https://www.detmir.ru/product/index/id/3901659/
3470059,Гель для мытья посуды овощей и фруктов WONDER Lab Жасмин и морская соль 1л,255,99,https://www.detmir.ru/product/index/id/3470059/
4299665,Ершик Uviton для мытья бутылочек 0073 голубой,199,,https://www.detmir.ru/product/index/id/4299665/
3865143,Гель для мытья посуды Molecola Калифорнийский ананас экологичное 500 мл,294,173,https://www.detmir.ru/product/index/id/3865143/
3473490,Бальзам для мытья посуды Nordland Кокос-киви 500 мл,489,308,https://www.detmir.ru/product/index/id/3473490/
4783931,Щетка-ёрш Доляна для чистки посуды щетина кокос деревянная ручка,289,69,https://www.detmir.ru/product/index/id/4783931/
2267731,"Средство посудомоечных машин Synergetic автомат, 1000мл",419,,https://www.detmir.ru/product/index/id/2267731/
3202950,Средство для мытья посуды овощей и фруктов LION Chamgreen Японский абрикос запасной блок 960мл,379,,https://www.detmir.ru/product/index/id/3202950/
3633591,Соль для посудомоечной машины Frau Schmidt 2.2 кг,399,295,https://www.detmir.ru/product/index/id/3633591/
3473536,Соль Typhoon для посудомоечных машин 1 кг,290,200,https://www.detmir.ru/product/index/id/3473536/
4288086,Средство для мытья посуды LION Chamgreen зеленый чай флакон 480 мл,441,220,https://www.detmir.ru/product/index/id/4288086/
4299666,Ершик Uviton для мытья бутылочек 0073 желтый,200,,https://www.detmir.ru/product/index/id/4299666/
3137679,Средство моющее Я РОДИЛСЯ универсальное 900г 1137-3,179,69,https://www.detmir.ru/product/index/id/3137679/
4784034,Ерш для мытья посуды Sima-Land набор 2 шт,226,70,https://www.detmir.ru/product/index/id/4784034/
3470054,Гель для мытья посуды овощей и фруктов WONDER Lab Яблочный цвет 480мл,319,,https://www.detmir.ru/product/index/id/3470054/
3470060,Пена для мытья овощей и фруктов WONDER Lab 240мл,255,99,https://www.detmir.ru/product/index/id/3470060/
4097747,Очиститель Frau Schmidt для стиральных и посудомоечных машин 2 таблетки,199,131,https://www.detmir.ru/product/index/id/4097747/
4784031,Ерш для мытья посуды Sima-Land набор 2 шт,221,68,https://www.detmir.ru/product/index/id/4784031/
1180441,Набор ершиков Мир Детства для бутылочек и сосок,91,25,https://www.detmir.ru/product/index/id/1180441/
156462,Ершик для бутылочек Nuk в ассортименте 10256279,695,,https://www.detmir.ru/product/index/id/156462/
1700421,Набор ершиков Chicco для бутылок и соски,639,319,https://www.detmir.ru/product/index/id/1700421/
1782481,Ершик для бутылочек Nuk с губкой 10256278,649,,https://www.detmir.ru/product/index/id/1782481/
1801331,Натуральное моющее средство Baby line The Original для посуды овощей и фруктов 500мл,209,99,https://www.detmir.ru/product/index/id/1801331/
2004411,Ершик Мир Детства для бутылочек в ассортименте,109,75,https://www.detmir.ru/product/index/id/2004411/
217362,Средство для мытья бутылочек и овощей Pigeon 700 мл сменный блок,659,329,https://www.detmir.ru/product/index/id/217362/
217372,Средство для мытья бутылочек и овощей Pigeon 800 мл,1029,205,https://www.detmir.ru/product/index/id/217372/
2229801,Гель для мытья детской посуды Я РОДИЛСЯ 500 гр,99,69,https://www.detmir.ru/product/index/id/2229801/
2229811,Жидкость для мытья посуды Я РОДИЛСЯ и овощей 500гр,69,29,https://www.detmir.ru/product/index/id/2229811/
2229821,Гель для детской посуды Я РОДИЛСЯ 1 л,179,89,https://www.detmir.ru/product/index/id/2229821/
22451,Универсальное средство для мытья детской посуды Наша Мама 500 мл,185,89,https://www.detmir.ru/product/index/id/22451/
2245421,Ёрш для мытья посуды Lubby с присоской,169,,https://www.detmir.ru/product/index/id/2245421/
2250791,Жидкость для посуды Я РОДИЛСЯ универсальная 1 л,179,89,https://www.detmir.ru/product/index/id/2250791/
2267711,Средство для мытья посуды Synergetic 1000мл,379,,https://www.detmir.ru/product/index/id/2267711/
2267721,"Средство для мытья посуды Synergetic алоэ, 1000мл",379,,https://www.detmir.ru/product/index/id/2267721/
2267741,"Средство для мытья посуды Synergetic яблоко,1000мл",379,,https://www.detmir.ru/product/index/id/2267741/
2267751,Средство для мытья посуды Synergetic 5000мл,1379,,https://www.detmir.ru/product/index/id/2267751/
2317911,Гель для мытья  посуды Babyline детский 250мл,105,49,https://www.detmir.ru/product/index/id/2317911/
2498211,Средство для мытья овощей фруктов детской посуды LION Chamgreen Гранат 470мл,185,,https://www.detmir.ru/product/index/id/2498211/
2498221,"Средство для мытья CJ LION овощей, фруктов, дет.посуды Chamgreen Айва 470мл",185,,https://www.detmir.ru/product/index/id/2498221/
2498231,"Средство для мытья CJ LION овощей, фруктов, дет.посуды Chamgreen Гранат 900 мл сменный блок",279,,https://www.detmir.ru/product/index/id/2498231/
2498241,Средство для мытья овощей фруктов детской посуды LION Chamgreen Гранат запасной блок 900мл,279,,https://www.detmir.ru/product/index/id/2498241/
2672281,Гель  для мытья Palmia посуды овощей и фруктов  0.5л,129,89,https://www.detmir.ru/product/index/id/2672281/
2672291,Гель  для мытья Palmia детской посуды 0.5л,159,109,https://www.detmir.ru/product/index/id/2672291/
2672301,Гель  для мытья Palmia посуды овощей и фруктов 1л,155,105,https://www.detmir.ru/product/index/id/2672301/
2672311,Гель  для мытья Palmia детской посуды 1л,179,119,https://www.detmir.ru/product/index/id/2672311/
2696801,Набор BabyGo для бутылочек и сосок 2 в 1 (BD-19051),69,19,https://www.detmir.ru/product/index/id/2696801/
2696821,Ершик 2в1 BabyGo для бутылочек и сосок BD-19097,89,5,https://www.detmir.ru/product/index/id/2696821/
2806091,Cредство для мытья посуды лимон и мята Sanita 510г,65,29,https://www.detmir.ru/product/index/id/2806091/
2806101,Средство для мытья посуды Sanita облепиха и мед 510г,69,29,https://www.detmir.ru/product/index/id/2806101/
2839851,Ёрш Lubby для мытья бутылочек и сосок 2 шт.,165,,https://www.detmir.ru/product/index/id/2839851/
2867941,"Средство для мытья Frosch детской посуды 0,5 л",195,155,https://www.detmir.ru/product/index/id/2867941/
2887051,Ершик для бутылочек BabyGo BD-19051,119,9,https://www.detmir.ru/product/index/id/2887051/
3084401,Щётка Tommee tippee для мытья бутылочек и сосок Голубая,299,149,https://www.detmir.ru/product/index/id/3084401/
3084402,Щётка Tommee tippee для мытья бутылочек и сосок Розовая,299,149,https://www.detmir.ru/product/index/id/3084402/
3102604,Набор Kidsme трубочка+ершик 160324,389,259,https://www.detmir.ru/product/index/id/3102604/
3108116,Трубочка к поильнику Lubby сменная +ершик i-Brush 15842,109,79,https://www.detmir.ru/product/index/id/3108116/
3125657,Гель для мытья посуды овощей и фруктов Palmia Sensitiva 5л 4640015110613,599,419,https://www.detmir.ru/product/index/id/3125657/
3125658,Гель для мытья посуды Palmia Bambini 5л 4640015110620,669,465,https://www.detmir.ru/product/index/id/3125658/
3135412,Средство для мытья пола Glorix Свежесть Атлантики 500мл 67106787,109,,https://www.detmir.ru/product/index/id/3135412/
3135413,Средство для мытья пола Glorix Лимонная энергия 500мл 67107678,109,,https://www.detmir.ru/product/index/id/3135413/
3137677,Средство для мытья детской посуды Я РОДИЛСЯ жидкое моющее 900г 1135-3,179,69,https://www.detmir.ru/product/index/id/3137677/
3137678,Средство для мытья детской посуды Я РОДИЛСЯ жидкое моющее 450г 1134-3,99,49,https://www.detmir.ru/product/index/id/3137678/
3143783,Гель-концентрат для мытья посуды Hanbok Айва и лимонник 500мл,205,19,https://www.detmir.ru/product/index/id/3143783/
3176143,Жидкость для мытья посуды Arau baby сменный картридж 450мл,509,355,https://www.detmir.ru/product/index/id/3176143/
3176159,Бальзам для мытья посуды Organic People Green Био aloе 500мл,135,79,https://www.detmir.ru/product/index/id/3176159/
3194024,Ершик-щетка Мир Детства 2в1 в ассортименте 19559,219,65,https://www.detmir.ru/product/index/id/3194024/
3195540,Средство моющее Мир Детства для детских принадлежностей универсальное 500мл,175,,https://www.detmir.ru/product/index/id/3195540/
3280404,Ершик для сосок Lubby 16895,109,,https://www.detmir.ru/product/index/id/3280404/
3335844,Средство для мытья посуды BioMio 315мл,159,55,https://www.detmir.ru/product/index/id/3335844/
3430169,Гель для мытья посуды Mein Kleines 500мл,279,228,https://www.detmir.ru/product/index/id/3430169/
3443013,Гель для мытья посуды INSEENSE овощей и фруктов 1000мл,500,380,https://www.detmir.ru/product/index/id/3443013/
3470052,Гель для мытья посуды овощей и фруктов WONDER Lab 480мл,175,,https://www.detmir.ru/product/index/id/3470052/
3470053,Гель для мытья посуды овощей и фруктов WONDER Lab Сливочные фрукты 480мл,175,,https://www.detmir.ru/product/index/id/3470053/
3470055,Гель для мытья посуды овощей и фруктов WONDER Lab Жасмин и морская соль 480мл,175,69,https://www.detmir.ru/product/index/id/3470055/
3470056,Гель для мытья посуды овощей и фруктов WONDER Lab 1л,255,99,https://www.detmir.ru/product/index/id/3470056/
3470057,Гель для мытья посуды овощей и фруктов WONDER Lab Сливочные фрукты 1л,255,99,https://www.detmir.ru/product/index/id/3470057/
3473473,Бальзам Baby Speci для мытья детской посуды Земляника со сливками 500 мл,469,300,https://www.detmir.ru/product/index/id/3473473/
3473492,Бальзам для мытья посуды Nordland Апельсин-ваниль 500 мл,489,308,https://www.detmir.ru/product/index/id/3473492/
3473496,Таблетки Nordland для посудомоечных машин 30 шт,749,501,https://www.detmir.ru/product/index/id/3473496/
3473565,Cоль Top House для посудомоечных машин 1500 г,460,299,https://www.detmir.ru/product/index/id/3473565/
3487570,Ополаскиватель для ПММ Postiron 2л Postiron,651,,https://www.detmir.ru/product/index/id/3487570/
3487588,Средство для мытья посуды Postiron 2л Postiron,545,517,https://www.detmir.ru/product/index/id/3487588/
3487589,Средство для мытья посуды Postiron кокос 0.65 л Postiron,279,,https://www.detmir.ru/product/index/id/3487589/
3489836,Жидкость для мытья посуды ARAU наполнитель 380мл 32066,369,255,https://www.detmir.ru/product/index/id/3489836/
3496829,Спрей для мытья посуды Химола Фермент-15,409,,https://www.detmir.ru/product/index/id/3496829/
3507491,Таблетки Bioretto для посудомоечной машины mini 28,359,,https://www.detmir.ru/product/index/id/3507491/
3507492,Таблетки Bioretto для посудомоечной машины 150 штук,2029,,https://www.detmir.ru/product/index/id/3507492/
3507493,Таблетки Bioretto для посудомоечных машин 56 штук mini,659,,https://www.detmir.ru/product/index/id/3507493/
3507494,Таблетки Bioretto для посудомоечных машин 32,609,,https://www.detmir.ru/product/index/id/3507494/
3507495,Таблетки Bioretto для посудомоечной машины 65 шт,1019,,https://www.detmir.ru/product/index/id/3507495/
3507496,Соль для посудомоечной машины Bioretto 2кг,329,,https://www.detmir.ru/product/index/id/3507496/
3507497,Порошок Bioretto для посудомоечной машины 1800 грамм,1319,,https://www.detmir.ru/product/index/id/3507497/
3507498,Ополаскиватель Bioretto для посудомоечной машины 1 литр,319,,https://www.detmir.ru/product/index/id/3507498/
3507500,Средство Bioretto для уборки кухни 650мл Bioretto,365,,https://www.detmir.ru/product/index/id/3507500/
3507503,Ополаскиватель Bioretto для посудомоечной машины 4 литра,869,,https://www.detmir.ru/product/index/id/3507503/
3537996,Очиститель накипи TOPPERR для стиральных и посудомоечных машин 50г 3226,215,172,https://www.detmir.ru/product/index/id/3537996/
3538025,Обезжиривающее средство TOPPERR для стиральных и посудомоечных машин 3220,369,295,https://www.detmir.ru/product/index/id/3538025/
3543241,Экспресс-очиститель накипи TOPPERR для стиральных и посудомоечных машин 3203,409,327,https://www.detmir.ru/product/index/id/3543241/
3543244,Ополаскиватель TOPPERR для посудомоечных машин 500мл 3301,359,290,https://www.detmir.ru/product/index/id/3543244/
3543246,Стартовый набор TOPPERR для посудомоечных машин 10в1 3304,1145,916,https://www.detmir.ru/product/index/id/3543246/
3543247,Таблетки TOPPERR для посудомоечных машин 10в1 60шт 3306,1399,1119,https://www.detmir.ru/product/index/id/3543247/
3543248,Таблетки TOPPERR для посудомоечных машин 120шт 3310,2525,2020,https://www.detmir.ru/product/index/id/3543248/
3543316,Таблетки TOPPERR для посудомоечных машин 22шт 3321,499,399,https://www.detmir.ru/product/index/id/3543316/
3543317,Таблетки TOPPERR для посудомоечных машин 160шт 3322,3329,2663,https://www.detmir.ru/product/index/id/3543317/
3543320,Соль TOPPERR для посудомоечных машин 1.5кг 3309,389,311,https://www.detmir.ru/product/index/id/3543320/
3543321,Соль TOPPERR таблетированная для посудомоечных машин 750г 3318,199,139,https://www.detmir.ru/product/index/id/3543321/
3543322,Соль TOPPERR для посудомоечных машин 750г 3317,199,,https://www.detmir.ru/product/index/id/3543322/
3543323,Очиститель TOPPERR посудомоечных машин таблетированный 2шт 3324,199,143,https://www.detmir.ru/product/index/id/3543323/
3543327,Средство TOPPERR для удаления накипи в стиральных и посудомоечных машинах 500мл 3032,359,287,https://www.detmir.ru/product/index/id/3543327/
3543328,Таблетки TOPPERR от накипи для чайников и кофеварок 2шт 3033,199,99,https://www.detmir.ru/product/index/id/3543328/
3543329,Таблетки TOPPERR от накипи для чайников и кофеварок 10шт 3043,299,239,https://www.detmir.ru/product/index/id/3543329/
3543330,Таблетки TOPPERR от накипи для чайников и кофеварок 16шт 3044,469,379,https://www.detmir.ru/product/index/id/3543330/
3543920,Средство моющее TOPPERR для посудомоечных машин порошковое 1.8кг 3319,459,367,https://www.detmir.ru/product/index/id/3543920/
3565849,Ершик Bebe Confort Для сосок и бутылочек Голубой,539,,https://www.detmir.ru/product/index/id/3565849/
3575664,Средство для мытья посуды Fourmi Verte натуральное 500мл,319,,https://www.detmir.ru/product/index/id/3575664/
3583708,Таблетки Kiilto для посудомоечной машины All in 1 - 42 шт,1296,855,https://www.detmir.ru/product/index/id/3583708/
3583709,Таблетки Kiilto для посудомоечной машины All in 1- 68 шт,1960,1254,https://www.detmir.ru/product/index/id/3583709/
3585950,Средство для мытья посуды BioMio с эфирным маслом Лаванды/экстрактом хлопка/ионами серебра 450 мл,239,148,https://www.detmir.ru/product/index/id/3585950/
3585951,Средство для мытья посуды BioMio с эфирным маслом Мяты/экстрактом хлопка/ионами серебра 450 мл,229,148,https://www.detmir.ru/product/index/id/3585951/
3585958,Таблетки BioMio для посудомоечной машины Biototal 7в1 с эфирным маслом эвкалипта,319,239,https://www.detmir.ru/product/index/id/3585958/
3594824,Средство для посуды ATTITUDE без запаха Гель,838,,https://www.detmir.ru/product/index/id/3594824/
3603207,Набор DUTYBOX Пенка для для мытья посуды овощей и фруктов Dishes 1л,255,,https://www.detmir.ru/product/index/id/3603207/
3604752,Ароматизатор TOPPERR для посудомоечных машин и запасной блок 3323 TOPPERR,235,188,https://www.detmir.ru/product/index/id/3604752/
3610444,Средство для мытья посуды DUTYBOX Dishes 2шт по 50мл,199,,https://www.detmir.ru/product/index/id/3610444/
3612641,Средство для мытья посуды Сotico Baby 500 мл,199,,https://www.detmir.ru/product/index/id/3612641/
3639238,Таблетки Frau Schmidt для посудомоечной машины 140 шт,1989,1193,https://www.detmir.ru/product/index/id/3639238/
3639239,Таблетки Frau Schmidt для посудомоечной машины 150 шт,1989,1213,https://www.detmir.ru/product/index/id/3639239/
3639240,Таблетки Frau Schmidt для посудомоечной машины 130 шт,1989,1292,https://www.detmir.ru/product/index/id/3639240/
3639241,Таблетки Frau Schmidt для посудомоечной машины 120 шт,1989,1193,https://www.detmir.ru/product/index/id/3639241/
3655214,Гель для посудомоечных машин Celesta all in 1 800 мл,419,,https://www.detmir.ru/product/index/id/3655214/
3655260,Набор ершиков Bebe Confort для мытья сосок и бутылочек с широким горлом 30167200 Bebe Confort,437,305,https://www.detmir.ru/product/index/id/3655260/
3665684,Средство для мытья посуды Palmia Automatica для посудомоечных машин 1 л,856,513,https://www.detmir.ru/product/index/id/3665684/
3665687,Гель для мытья посуды Clean Home универсальный 1 л,453,267,https://www.detmir.ru/product/index/id/3665687/
3665688,Гель для посудомоечных машин Clean Home профессиональный 1 л,595,362,https://www.detmir.ru/product/index/id/3665688/
3665690,Гель для мытья посуды Clean Home универсальный 1 л,597,358,https://www.detmir.ru/product/index/id/3665690/
3665709,Соль для посудомоечных машин Molecola таблетированная 2000гр,474,279,https://www.detmir.ru/product/index/id/3665709/
3665710,Гель для мытья посуды Jundo Green tea with mint и детских принадлежностей 1 л,792,483,https://www.detmir.ru/product/index/id/3665710/
3665711,Гель для мытья посуды Jundo Juicy Lemon для детских принадлежностей 1 л,788,409,https://www.detmir.ru/product/index/id/3665711/
3665712,Гель для мытья посуды Jundo Sakura для детских принадлежностей 1 л,792,411,https://www.detmir.ru/product/index/id/3665712/
3665729,Гель для мытья посуды Clean Home универсальный 3 л,977,576,https://www.detmir.ru/product/index/id/3665729/
3672357,Гель для мытья посуды Clean Home и кухни Антибактериальный эффект 490 гр,447,263,https://www.detmir.ru/product/index/id/3672357/
3672366,Гель для мытья посуды Jundo Juicy Lemon и для детских принадлежностей 4 л,1969,905,https://www.detmir.ru/product/index/id/3672366/
3672367,Гель для мытья посуды Jundo Sakura и для детских принадлежностей 4 л,1932,888,https://www.detmir.ru/product/index/id/3672367/
3672376,Гель для мытья посуды Jundo Green tea with mint и для детских принадлежностей 4 л,1982,911,https://www.detmir.ru/product/index/id/3672376/
3672380,Таблетки для мытья посуды Molecola в посудомоечных машинах экологичные 30 шт,561,330,https://www.detmir.ru/product/index/id/3672380/
3672391,Ополаскиватель для посуды Palmia Cristalica Proff в посудомоечных машинах 5 л,3145,1541,https://www.detmir.ru/product/index/id/3672391/
3672406,Таблетки для мытья посуды Clean Home в посудомоечных машинах 30 шт,866,510,https://www.detmir.ru/product/index/id/3672406/
3672435,Cредство для мытья посуды Palmia Fiorenta с ароматом ежевики и васильков 5 л,1385,817,https://www.detmir.ru/product/index/id/3672435/
3672437,Cредство для мытья посуды Palmia Tropica с ароматом персика дыни и фейхоа 5 л,1385,817,https://www.detmir.ru/product/index/id/3672437/
3679217,Cредство для мытья посуды Palmia Aromatica c ароматом зеленого чая и жасмина 5 л,1385,817,https://www.detmir.ru/product/index/id/3679217/
3690075,Средство для мытья посуды Synergetic в посудомоечной машине 5 л,699,,https://www.detmir.ru/product/index/id/3690075/
3690076,Средство для мытья посуды Synergetic Pro 5 л,999,,https://www.detmir.ru/product/index/id/3690076/
3690110,Средство Synergetic ополаскивающее для посудомоечных машин Pro 5 л,1099,,https://www.detmir.ru/product/index/id/3690110/
3702034,Гель для мытья посуды Ушастый нянь детский,262,,https://www.detmir.ru/product/index/id/3702034/
3713323,Гель для мытья посуды Jundo Sakura с гиалуроновой кислотой 800 мл х2шт,597,,https://www.detmir.ru/product/index/id/3713323/
3725066,Таблетки для мытья посуды Ушастый нянь 06450,579,,https://www.detmir.ru/product/index/id/3725066/
3733600,Гель для мытья посуды Невская косметика и принадлежностей Детский,199,129,https://www.detmir.ru/product/index/id/3733600/
3733604,Гель для мытья посуды Ушастый нянь детский,199,165,https://www.detmir.ru/product/index/id/3733604/
3733606,Гель для мытья посуды Ушастый нянь детский,262,,https://www.detmir.ru/product/index/id/3733606/
3733775,Дезинфицирующее средство Medlex для посуды 500 мл Medlex,199,,https://www.detmir.ru/product/index/id/3733775/
3733780,Моющее средство Medlex для посуды 500 мл Medlex,199,,https://www.detmir.ru/product/index/id/3733780/
3763278,Сушилка для посуды Brabantia Sink Side,12890,,https://www.detmir.ru/product/index/id/3763278/
3763281,Коврик для сушки посуды Brabantia Sink Side силиконовый Brabantia,6879,,https://www.detmir.ru/product/index/id/3763281/
3763317,Сушилка для посуды Brabantia Sink Side Brabantia,21490,,https://www.detmir.ru/product/index/id/3763317/
3765850,Ёршик Крошка Я для бутылочек Крошка Я,352,,https://www.detmir.ru/product/index/id/3765850/
3766238,Гель для мытья посуды Jundo Green tea with Mint и детских принадлежностей 800мл,400,,https://www.detmir.ru/product/index/id/3766238/
3766240,Гель для мытья посуды Jundo Sakura и детских принадлежностей 800мл,400,,https://www.detmir.ru/product/index/id/3766240/
3769509,Коврик для сушки посуды Brabantia Sink Side из микрофибры Brabantia,1719,,https://www.detmir.ru/product/index/id/3769509/
3769940,Ершик для бутылочек и сосок Mum and Baby Которусалка Mum and Baby,352,,https://www.detmir.ru/product/index/id/3769940/
3769941,Ершик для бутылочек и сосок Mum and Baby Лама Mum and Baby,352,,https://www.detmir.ru/product/index/id/3769941/
3769942,Ершик для бутылочек и сосок Mum and Baby Пёсики Mum and Baby,352,,https://www.detmir.ru/product/index/id/3769942/
3769943,Ершик для бутылочек и сосок Mum and Baby Леопард Mum and Baby,352,,https://www.detmir.ru/product/index/id/3769943/
3769944,Ершик для бутылочек и сосок Mum and Baby Пингвин Mum and Baby,352,,https://www.detmir.ru/product/index/id/3769944/
3772869,Ёршик Крошка Я по уходу за детскими бутылочками и сосками Крошка Я,352,,https://www.detmir.ru/product/index/id/3772869/
3772952,Ёршик Крошка Я по уходу за детскими бутылочками Крошка Я,199,,https://www.detmir.ru/product/index/id/3772952/
3772954,Ёршик Крошка Я по уходу за детскими бутылочками Крошка Я,199,,https://www.detmir.ru/product/index/id/3772954/
3775920,Средство для мытья посуды GraSS Viva c дозатором 1 л,323,164,https://www.detmir.ru/product/index/id/3775920/
3775998,Средство для мытья посуды GraSS Velly Premium лайм и мята 1л,307,184,https://www.detmir.ru/product/index/id/3775998/
3776006,Таблетки GraSS Colorit 5в1 для посудомоечной машины 35 шт,1143,800,https://www.detmir.ru/product/index/id/3776006/
3785163,Ёршик Крошка Я по уходу за детскими бутылочками Крошка Я,352,,https://www.detmir.ru/product/index/id/3785163/
3785164,Ершик Крошка Я для бутылочек и сосок желтый Крошка Я,199,,https://www.detmir.ru/product/index/id/3785164/
3789068,Средство для мытья посуды Palmia Aromatica с ароматом жасмина и зеленого чая 500 мл,223,127,https://www.detmir.ru/product/index/id/3789068/
3789135,Средство для мытья посуды Palmia Espressiva c ароматом спелого граната и красных маков 500 мл,217,128,https://www.detmir.ru/product/index/id/3789135/
3789136,Средство для мытья посуды Palmia Fiorenta с ароматом ежевики и васильков 500 мл,223,127,https://www.detmir.ru/product/index/id/3789136/
3789137,Средство для мытья посуды Palmia Sensitiva также для овощей и фруктов гипоаллергенное 450 мл,216,92,https://www.detmir.ru/product/index/id/3789137/
3789138,Средство для мытья посуды Palmia Tropica с ароматом тропических фруктов 500 мл,223,127,https://www.detmir.ru/product/index/id/3789138/
3789139,Гель для мытья посуды Palmia Bambini детской на основе пищевой соды 450 мл,216,97,https://www.detmir.ru/product/index/id/3789139/
3794901,Средство для мытья посуды fito косметик Натуральное Мыльные стружки серии Народные рецепты 490мл,367,183,https://www.detmir.ru/product/index/id/3794901/
3794902,Гель-концентрат fito косметик Натуральный для мытья посуды Цитрусовый микс серии Народные рецепты 490мл,394,197,https://www.detmir.ru/product/index/id/3794902/
3794903,Средство для мытья посуды fito косметик Натуральное Жидкая горчица серии Народные рецепты 490мл,367,183,https://www.detmir.ru/product/index/id/3794903/
3798672,Порошок levrana для посудомоечной машины усиленная формула 1000 гр,785,549,https://www.detmir.ru/product/index/id/3798672/
3806248,Гель для мытья посуды Freshbubble Мята и Лимон 1л,357,249,https://www.detmir.ru/product/index/id/3806248/
3806249,Гель для мытья посуды Freshbubble Цитрусовая свежесть 1 л,357,249,https://www.detmir.ru/product/index/id/3806249/
3806250,Гель для мытья посуды Freshbubble без аромата 1л,357,249,https://www.detmir.ru/product/index/id/3806250/
3806251,Гель для мытья посуды Freshbubble Хвойный лес 1 л,357,249,https://www.detmir.ru/product/index/id/3806251/
3806252,Гель для мытья посуды Freshbubble Прованские травы 1 л,357,249,https://www.detmir.ru/product/index/id/3806252/
3806595,Салфетка для уборки Master fresh супервпитывающие 3 шт вискоза,199,99,https://www.detmir.ru/product/index/id/3806595/
3806621,Губки для посуды Master fresh 2 шт,199,119,https://www.detmir.ru/product/index/id/3806621/
3806640,Таблетки Master fresh для посудомоечной машины 28 шт,482,409,https://www.detmir.ru/product/index/id/3806640/
3806642,Таблетки Master fresh для посудомоечной машины 60шт,1053,737,https://www.detmir.ru/product/index/id/3806642/
3806643,Таблетки Master fresh для посудомоечной машины есо 30 шт,653,522,https://www.detmir.ru/product/index/id/3806643/
3806645,Таблетки Master fresh для посудомоечной машины luxury 20 шт,365,292,https://www.detmir.ru/product/index/id/3806645/
3806662,Чистящее средство Master fresh антижир 500 мл,241,192,https://www.detmir.ru/product/index/id/3806662/
3806666,Чистящее средство Master fresh антижир 500 мл,199,159,https://www.detmir.ru/product/index/id/3806666/
3806677,Средство для мытья стекол Master fresh 500 мл лимон,199,139,https://www.detmir.ru/product/index/id/3806677/
3806679,Средство для мытья посуды Master fresh 500 мл,199,149,https://www.detmir.ru/product/index/id/3806679/
3829513,Средство для мытья посуды Vaily Sensitive для овощей и фруктов гипоаллергенное 500 мл Vaily,209,,https://www.detmir.ru/product/index/id/3829513/
3829514,Средство для мытья посуды Vaily Touch овощей и фруктов 500 мл Vaily,209,,https://www.detmir.ru/product/index/id/3829514/
3829516,Ополаскиватель Vaily для посудомоечной машины ЭКО 550 мл Vaily,199,,https://www.detmir.ru/product/index/id/3829516/
3839504,Соль Vaily для посудомоечной машины Эко 1 кг,205,,https://www.detmir.ru/product/index/id/3839504/
3839535,Таблетки Vaily для посудомоечной машины Эко 30 шт,575,460,https://www.detmir.ru/product/index/id/3839535/
3848775,Гель для мытья посуды UNICARE концентрированный «Сочный лимон» ПЭТ 5л,720,360,https://www.detmir.ru/product/index/id/3848775/
3848778,Гель для мытья посуды UNICARE концентрированный «Сочный лимон» ПВХ 5л,830,415,https://www.detmir.ru/product/index/id/3848778/
3848854,Гель для мытья посуды UNICARE концентрированный «Зеленый чай» ПЭТ 5л,720,360,https://www.detmir.ru/product/index/id/3848854/
3848855,Моющее средство MANUFACTOR универсальное нейтральное концентрат ПЭТ 5 л,491,245,https://www.detmir.ru/product/index/id/3848855/
3848857,Моющее средство MANUFACTOR универсальное нейтральное концентрат ПВХ 5 л,640,320,https://www.detmir.ru/product/index/id/3848857/
3848860,Средство для мытья посуды UNICARE Алоэ Вера ПЭТ 5л,720,360,https://www.detmir.ru/product/index/id/3848860/
3848862,Средство для мытья посуды UNICARE Алоэ Вера ПВХ 5л,849,424,https://www.detmir.ru/product/index/id/3848862/
3848867,Гель для мытья посуды UNICARE концентрированный «Сочный лимон» ПЭТ пуш-пул 1л,301,150,https://www.detmir.ru/product/index/id/3848867/
3848868,Ёршик YORK для мытья бутылок бамбук YORK,550,275,https://www.detmir.ru/product/index/id/3848868/
3855929,Средство для мытья посуды Jundo Velvet vetiver с гиалуроновой кислотой 1 л,770,454,https://www.detmir.ru/product/index/id/3855929/
3855966,Гель для мытья посуды UNICARE концентрированный Зеленый чай 5л,849,424,https://www.detmir.ru/product/index/id/3855966/
3865142,Гель для мытья посуды Molecola Итальянское киви экологичное 500 мл,293,172,https://www.detmir.ru/product/index/id/3865142/
3865144,Гель для мытья посуды Molecola Ruby Orange экологичное 500 мл,294,173,https://www.detmir.ru/product/index/id/3865144/
3865145,Гель для мытья посуды Molecola Филиппинское манго экологичное 500 мл,294,173,https://www.detmir.ru/product/index/id/3865145/
3865146,Гель для мытья посуды Molecola Мексиканская папайя экологичное 500 мл,294,173,https://www.detmir.ru/product/index/id/3865146/
3866529,Соль Master fresh для посудомоечной машины 1 кг,199,139,https://www.detmir.ru/product/index/id/3866529/
3871898,Средство для мытья посуды GraSS Dishwasher в посудомоечных машин 24.5 кг,6643,3919,https://www.detmir.ru/product/index/id/3871898/
3871911,Средство для мытья посуды GraSS Velly Premium Лайм и Мята 5 кг,1150,678,https://www.detmir.ru/product/index/id/3871911/
3871916,Средство для мытья посуды GraSS Velly Бальзам 5 кг,1150,690,https://www.detmir.ru/product/index/id/3871916/
3871918,Средство для мытья посуды GraSS Dishwasher в посудомоечных машинах 6.4 кг,1925,1135,https://www.detmir.ru/product/index/id/3871918/
3874432,Таблетки GraSS Colorit Plus для посудомоечных машин 100 шт,2111,1203,https://www.detmir.ru/product/index/id/3874432/
3883121,Порошок ARVITEX для посудомоечной машины 7-в-1 1 кг,205,102,https://www.detmir.ru/product/index/id/3883121/
3885703,Коврик для сушки посуды Brabantia Sink Side силиконовый Brabantia,6879,,https://www.detmir.ru/product/index/id/3885703/
3886108,Ополаскиватель Clean Home для посудомоечных машин 1л,388,228,https://www.detmir.ru/product/index/id/3886108/
3894816,Гель для мытья посуды UNICUM Апельсин-бергамот 550 мл UNICUM,199,,https://www.detmir.ru/product/index/id/3894816/
3894817,Гель для мытья посуды UNICUM Зелёный чай 550 мл UNICUM,199,,https://www.detmir.ru/product/index/id/3894817/
3894818,Гель для мытья посуды UNICUM Чёрный уголь 550 мл UNICUM,199,,https://www.detmir.ru/product/index/id/3894818/
3901657,Средство для мытья посуды Synergetic Арбуз 1 л,199,,https://www.detmir.ru/product/index/id/3901657/
3901658,Средство для мытья посуды Synergetic Optima 5 л,249,,https://www.detmir.ru/product/index/id/3901658/
3903767,Средство для мытья посуды EasyWork цитрус специальный состав 5л EasyWork,299,,https://www.detmir.ru/product/index/id/3903767/
3937831,Ершик для мытья бутылочек KUNDER силиконовый с длинной ручкой,369,,https://www.detmir.ru/product/index/id/3937831/
3937832,Щетка для мытья сосок KUNDER силиконовая,229,,https://www.detmir.ru/product/index/id/3937832/
3950435,Набор ершиков KUNDER для мытья бутылочек силиконовые оранжевые,699,594,https://www.detmir.ru/product/index/id/3950435/
3965679,Ершик для мытья бутылок и сосок Canpol Babies Голубой 56/122_blu,765,9,https://www.detmir.ru/product/index/id/3965679/
3965680,Ершик для мытья бутылок и сосок Canpol Babies Зелёный 56/122_gre,765,9,https://www.detmir.ru/product/index/id/3965680/
3965681,Ершик для мытья бутылок и сосок Canpol Babies Розовый 56/122_pin,765,9,https://www.detmir.ru/product/index/id/3965681/
3989162,Гель для мытья посуды Prosept Cooky Fruit E с ароматом фруктов эконом-класса 5 л,755,445,https://www.detmir.ru/product/index/id/3989162/
3989295,Средство для мытья посуды DR.TUTTELLE детское 250 мл DR.TUTTELLE,199,,https://www.detmir.ru/product/index/id/3989295/
3989348,Гель для мытья посуды Synergetic алоэ 2.75 л,726,428,https://www.detmir.ru/product/index/id/3989348/
3997452,Ополаскиватель GraSS Conditioner Dish для посудомоечных машин 20 кг,6843,4037,https://www.detmir.ru/product/index/id/3997452/
4003314,Средство для мытья посуды Лайма 5л концентрат Алоэ Вера,1044,730,https://www.detmir.ru/product/index/id/4003314/
4003325,Средство для мытья посуды Лайма 5л концентрат Лимон,906,634,https://www.detmir.ru/product/index/id/4003325/
4033845,Гель для мытья посуды Prosept Cooky Apple E с ароматом яблока эконом-класса 5 л,755,445,https://www.detmir.ru/product/index/id/4033845/
4056051,Средство для мытья посуды QUALITA Avokado and vanilla 500мл,199,125,https://www.detmir.ru/product/index/id/4056051/
4056052,Средство для мытья посуды QUALITA Fragolino со стикером 450мл,199,137,https://www.detmir.ru/product/index/id/4056052/
4056053,Средство для мытья посуды QUALITA Granato 450мл,199,137,https://www.detmir.ru/product/index/id/4056053/
4056054,Средство для мытья посуды QUALITA Limonchello со стикером 450мл,199,151,https://www.detmir.ru/product/index/id/4056054/
4056055,Средство для мытья посуды QUALITA Mandarinello со стикером 450мл,199,151,https://www.detmir.ru/product/index/id/4056055/
4056056,Средство для мытья посуды QUALITA Oliva and lime 450мл,199,137,https://www.detmir.ru/product/index/id/4056056/
4056057,Гель для мытья посуды QUALITA Без запаха 500мл,199,113,https://www.detmir.ru/product/index/id/4056057/
4056059,Средство для мытья посуды Солнце и луна ECO эфирное масло грейпфрута 0+ флакон/флиптоп 500мл,302,166,https://www.detmir.ru/product/index/id/4056059/
4070386,Активный порошок Paclan Brileo для посудомоечных машин 1 кг,813,731,https://www.detmir.ru/product/index/id/4070386/
4070387,Активный порошок Paclan Brileo для посудомоечных машин 2.5 кг,1698,1528,https://www.detmir.ru/product/index/id/4070387/
4070595,Ополаскиватель Paclan Brileo для посудомоечных машин 500 мл,381,342,https://www.detmir.ru/product/index/id/4070595/
4074134,Средство для мытья посуды Весна Капля Vox Хлопок и ромашка Нежность рук 500г,259,113,https://www.detmir.ru/product/index/id/4074134/
4074135,Средство для мытья посуды Весна Капля Vox Хлопок и ромашка 1000г,259,145,https://www.detmir.ru/product/index/id/4074135/
4074136,Средство для мытья посуды Весна Капля Vox Свежесть 500 гр,259,113,https://www.detmir.ru/product/index/id/4074136/
4074137,Средство для мытья посуды Весна Капля Vox Морские минералы 450г,259,106,https://www.detmir.ru/product/index/id/4074137/
4074210,Таблетки Paclan Brileo для посудомоечных машин Classic 110шт,2276,2048,https://www.detmir.ru/product/index/id/4074210/
4074211,Таблетки Paclan Brileo для посудомоечных машин Classic 80шт,1814,1632,https://www.detmir.ru/product/index/id/4074211/
4074212,Таблетки Paclan Brileo для посудомоечных машин Classic 14шт,372,334,https://www.detmir.ru/product/index/id/4074212/
4074213,Таблетки Paclan Brileo для посудомоечных машин All in one Silver 56 шт,1946,1751,https://www.detmir.ru/product/index/id/4074213/
4074214,Таблетки Paclan Brileo для посудомоечных машин All in one Silver 28 шт,1082,973,https://www.detmir.ru/product/index/id/4074214/
4074221,Очиститель Paclan Brileo для посудомоечных машин 250 мл,450,405,https://www.detmir.ru/product/index/id/4074221/
4074228,Средство для мытья посуды Весна Капля Vox Дачный сезон 450г,259,106,https://www.detmir.ru/product/index/id/4074228/
4074230,Соль для посудомоечных машин Paclan Brileo Специальная 1 кг,423,380,https://www.detmir.ru/product/index/id/4074230/
4077142,Ополаскиватель Somat для посудомоечных машин 750мл,645,580,https://www.detmir.ru/product/index/id/4077142/
4077161,Средство Frau Schmidt для посудомоечных машин Все в 1 30 таблеток,896,806,https://www.detmir.ru/product/index/id/4077161/
4077181,Средство Frau Schmidt для посудомоечных машин Все в 1 60таблеток,1715,1543,https://www.detmir.ru/product/index/id/4077181/
4077200,Соль для посудомоечных машин Somat 1.5 кг,385,346,https://www.detmir.ru/product/index/id/4077200/
4083487,Гель для мытья посуды Help Алоэ-Вера 0.5 л,259,82,https://www.detmir.ru/product/index/id/4083487/
4083488,Средство для мытья посуды Help Минута Алоэ 0.5 л,199,81,https://www.detmir.ru/product/index/id/4083488/
4083489,Средство для мытья посуды Help Минута Антибактериальный 0.5 л,259,67,https://www.detmir.ru/product/index/id/4083489/
4083490,Средство для мытья посуды Help Минута Апельсин 0.5 л,259,67,https://www.detmir.ru/product/index/id/4083490/
4083491,Средство для мытья посуды Help Минута Лимон 0.5 л,259,67,https://www.detmir.ru/product/index/id/4083491/
4083492,Средство для мытья посуды Help Минута Лимон 5 л,369,332,https://www.detmir.ru/product/index/id/4083492/
4083493,Средство для мытья посуды Help Минута Ромашка 0.5 л,259,75,https://www.detmir.ru/product/index/id/4083493/
4097764,Чистящее средство Frau Schmidt Антинакипь для чайников и кофеварок 2 таблетки,259,160,https://www.detmir.ru/product/index/id/4097764/
4102870,Гель для мытья посуды Help Яблоко 0.5л,259,82,https://www.detmir.ru/product/index/id/4102870/
4108585,Средство для мытья посуды GREEN LOVE 500 мл,356,320,https://www.detmir.ru/product/index/id/4108585/
4116033,Гель для мытья посуды Sinteco Рябина 5л,1343,792,https://www.detmir.ru/product/index/id/4116033/
4116035,Гель для мытья посуды Sinteco Кипарис 5л,1343,792,https://www.detmir.ru/product/index/id/4116035/
4116046,Гель для мытья посуды Sinteco Береза 5л,1343,792,https://www.detmir.ru/product/index/id/4116046/
4116047,Гель для мытья посуды Sinteco Липа 5л,1343,792,https://www.detmir.ru/product/index/id/4116047/
4116048,Гель для мытья посуды Sinteco Рябина 450 мл,200,102,https://www.detmir.ru/product/index/id/4116048/
4116049,Гель для мытья посуды Sinteco Липа 450 мл,200,102,https://www.detmir.ru/product/index/id/4116049/
4116054,Гель для мытья посуды Sinteco Береза 450 мл,200,102,https://www.detmir.ru/product/index/id/4116054/
4116055,Гель для мытья посуды Sinteco Дуб 450 мл,200,102,https://www.detmir.ru/product/index/id/4116055/
4116056,Гель для мытья посуды Sinteco Кипарис 450 мл,200,102,https://www.detmir.ru/product/index/id/4116056/
4116057,Гель для мытья посуды Sinteco Дуб 5л,1343,792,https://www.detmir.ru/product/index/id/4116057/
4116058,Гель для мытья посуды Sinteco Пихта 450 мл,200,102,https://www.detmir.ru/product/index/id/4116058/
4116059,Гель для мытья посуды Sinteco Пихта 5л,1343,792,https://www.detmir.ru/product/index/id/4116059/
412371,Ершик Happy Baby для бутылочек,165,,https://www.detmir.ru/product/index/id/412371/
4139360,Соль для посудомоечных машин Mister Dez Eco-Cleaning Специальная 800 гр,199,129,https://www.detmir.ru/product/index/id/4139360/
4204731,Таблеткидля мытья посуды MEULE Актив в посудомоечной машине 35шт,1187,700,https://www.detmir.ru/product/index/id/4204731/
4204732,Таблетки для мытья посуды MEULE Актив в посудомоечной машине 100 шт,2985,1761,https://www.detmir.ru/product/index/id/4204732/
4204733,Таблетки для мытья посуды MEULE Phosphate Free в посудомоечной машине 35 шт,1627,959,https://www.detmir.ru/product/index/id/4204733/
4204734,Таблетки для мытья посуды MEULE Phosphate Free в посудомоечной машине 70 шт,2993,1765,https://www.detmir.ru/product/index/id/4204734/
4204735,Таблетки для мытья посуды MEULE Phosphate Free в посудомоечной машине 100 шт,4084,2409,https://www.detmir.ru/product/index/id/4204735/
4204736,Таблетки MEULE для посудомоечных машин 2 кг,740,436,https://www.detmir.ru/product/index/id/4204736/
4204737,Таблетки MEULE для посудомоечных машин 1 кг,444,261,https://www.detmir.ru/product/index/id/4204737/
4205027,Средство для мытья посуды MEULE Dishwashing Liquid Olives для овощей и фруктов Олива концентрированное 1л,1153,680,https://www.detmir.ru/product/index/id/4205027/
4205042,Таблетки для мытья посуды MEULE All in 1 в посудомоечной машине 70шт,2993,1765,https://www.detmir.ru/product/index/id/4205042/
4205043,Таблетки для мытья посуды MEULE All in 1 в посудомоечной машине 35шт,1627,959,https://www.detmir.ru/product/index/id/4205043/
4205044,Таблетки для мытья посуды MEULE All in 1 в посудомоечной машине 100 шт,4084,2409,https://www.detmir.ru/product/index/id/4205044/
4205045,Таблетки для мытья посуды MEULE Актив в посудомоечной машине 70шт,2185,1289,https://www.detmir.ru/product/index/id/4205045/
4205130,Бальзам MEULE для мытья посуды овощей и фруктов концентрированный 1л,1153,680,https://www.detmir.ru/product/index/id/4205130/
4233846,Средство для мытья посуды LION Chamgreen Японский абрикос 290 мл,337,202,https://www.detmir.ru/product/index/id/4233846/
4233847,Средство для мытья посуды LION chamgreen зеленый чай 3830 мл,2256,1263,https://www.detmir.ru/product/index/id/4233847/
4288087,Средство для мытья посуды LION chamgreen зеленый чай 290 мл,373,201,https://www.detmir.ru/product/index/id/4288087/
4289704,Гель для мытья посуды ECOZAVR с антибактериальным эффектом Алоэ 500 мл,275,233,https://www.detmir.ru/product/index/id/4289704/
4297811,Средство МЕЧТА BABY для мытья детской посуды и игрушек 500 мл,359,,https://www.detmir.ru/product/index/id/4297811/
4299667,Ершик Uviton для мытья бутылочек 0073 зеленый,199,,https://www.detmir.ru/product/index/id/4299667/
4299668,Ершик Uviton для мытья бутылочек 0073 розовый,300,,https://www.detmir.ru/product/index/id/4299668/
4389479,Таблетки Nordland для всех типов посудомоечных машин 32 х 20г,1403,1262,https://www.detmir.ru/product/index/id/4389479/
4389481,Кристаллическая соль LUXUS Kristall-fix для посудомоечных машин 500 г,259,233,https://www.detmir.ru/product/index/id/4389481/
4455584,Соль для посудомоечных машин FIVE PLUS специальная кристаллическая 1500 г,439,,https://www.detmir.ru/product/index/id/4455584/
4455586,Средство GREEN LOVE для мытья детской посуды и принадлежностей 500 мл,325,,https://www.detmir.ru/product/index/id/4455586/
4455589,Средство для мытья посуды Effect Вита 202 5л,1069,,https://www.detmir.ru/product/index/id/4455589/
4465515,Средство для мытья посуды Jeden Tag Лимон концентрат 1000 мл,539,377,https://www.detmir.ru/product/index/id/4465515/
4472134,Комплект для туалета Beroma «Классик»,3174,888,https://www.detmir.ru/product/index/id/4472134/
4479628,Средство для мытья посуды Jeden Tag Бальзам концентрат 500 мл,399,279,https://www.detmir.ru/product/index/id/4479628/
4479642,Средство для мытья посуды Jeden Tag Оригинальное концентрат 1000 мл,539,377,https://www.detmir.ru/product/index/id/4479642/
4479876,Средство для мытья посуды Jeden Tag Бальзам концентрат 1000 мл,539,377,https://www.detmir.ru/product/index/id/4479876/
4640531,Пена для мытья детской посуды и игрушек WONDER Lab нейтральная 450мл,349,,https://www.detmir.ru/product/index/id/4640531/
4674193,Гель для мытья посуды Jundo и принадлежностей Velvet Vetiver ЭКО концентрированный с гиалуроновой кислотой 800 мл,400,,https://www.detmir.ru/product/index/id/4674193/
4692759,Средство для мытья посуды LION овощей и фруктов Charmgreen Pure Fermentation 480ml Горные травы,489,342,https://www.detmir.ru/product/index/id/4692759/
4692769,Средство для мытья посуды CJ LION Charmgreen овощей и фруктов зеленый чай 1.2кг,1104,772,https://www.detmir.ru/product/index/id/4692769/
4693027,Средство для мытья посуды CJ LION Charmgreen Pure Fermentation овощей и фруктов 5 злаков 300 мл,356,249,https://www.detmir.ru/product/index/id/4693027/
4695410,Средство для мытья посуды CJ LION CHARMGREEN Pure Fermentation овощей и фруктов Горные травы 300 мл.,356,249,https://www.detmir.ru/product/index/id/4695410/
4695411,Средство для мытья посуды LION Charmgreen Pure Fermentation 480ml 5 злаков,489,342,https://www.detmir.ru/product/index/id/4695411/
4717525,Средство моющее SaniBio универсальное 4в1 500мл,125,,https://www.detmir.ru/product/index/id/4717525/
4813487,Средство для мытья посуды Medlex и поверхностей Фудлекс Т Царевны 500 мл,299,,https://www.detmir.ru/product/index/id/4813487/
4813488,Средство для мытья посуды Medlex и поверхностей Фудлекс Т Три кота 500 мл,299,,https://www.detmir.ru/product/index/id/4813488/
4841127,Гель-бальзам для мытья посуды Vestar 1л,569,312,https://www.detmir.ru/product/index/id/4841127/
4841128,Средство для мытья дет посуды Vestar канистра 2л,1389,763,https://www.detmir.ru/product/index/id/4841128/
4847151,Средство для мытья детской посуды DR.TUTTELLE 250мл DT074,199,,https://www.detmir.ru/product/index/id/4847151/
4847157,Таблетки для посудомоечных машин DR.TUTTELLE 50шт DT090,815,,https://www.detmir.ru/product/index/id/4847157/
4894645,Набор ёршиков для бутылок Happy Baby Lilac 2шт 11001,329,,https://www.detmir.ru/product/index/id/4894645/
4948050,Средство для мытья детской посуды Pure Water 450мл PW165523,199,,https://www.detmir.ru/product/index/id/4948050/
